QB,RB1,RB2,WR1,WR2,WR3,TE,FLEX,DEF,lineup_id,player_ids,tier,temperature,milp_projection,total_salary,mean,median,p10,p90,std,skewness
,,,,,,,,,10,"123617-138820,123617-55050,123617-102965,123617-167620,123617-103539,123617-110484,123617-151903,123617-86080,123617-12548",1,0.0,119.79999999999998,60000,126.9493462179112,124.16913757775123,96.54682361403367,161.7608597524971,26.624028825988773,0.10442479079071974
,,,,,,,,,29,"123617-138820,123617-55050,123617-152316,123617-90573,123617-103539,123617-110484,123617-86312,123617-86080,123617-12539",2,0.54,119.4,59900,126.52906552905874,123.71665118789541,93.45658830759393,163.14274937926285,29.733893824115157,0.09458614326800256
,,,,,,,,,1,"123617-138820,123617-55050,123617-6654,123617-90573,123617-103539,123617-110484,123617-151903,123617-86080,123617-12539",1,0.0,120.5,60000,126.9632076307704,123.53353880461106,94.43545799343012,162.04267895679064,27.63057757932264,0.12412584631332274
,,,,,,,,,0,"123617-138820,123617-55050,123617-152316,123617-90573,123617-167620,123617-110484,123617-151903,123617-86080,123617-12534",1,0.0,120.59999999999998,60000,127.13687760629357,123.48991971365831,93.55530411987702,165.11212276948558,29.04324959567444,0.12556989811423916
,,,,,,,,,19,"123617-138820,123617-6654,123617-152647,123617-90573,123617-103539,123617-110484,123617-151903,123617-86080,123617-12548",1,0.0,119.5,59900,125.68483445186301,123.19447526738436,94.04124326572044,162.16715882209408,27.38265587783105,0.0909465902646368
,,,,,,,,,4,"123617-138820,123617-55050,123617-102965,123617-90573,123617-167620,123617-103539,123617-110484,123617-86080,123617-12539",1,0.0,120.1,60000,125.88377320565509,123.17916406709399,95.25745878953171,160.80533952011035,27.237282156123765,0.09929805488882151
,,,,,,,,,18,"123617-138820,123617-55050,123617-152316,123617-90573,123617-86518,123617-110484,123617-151903,123617-86080,123617-12546",1,0.0,119.59999999999998,60000,125.62815415902895,123.1366288584945,93.79973211401956,160.35906422895377,28.549561789810497,0.08727017664501205
,,,,,,,,,48,"123617-138820,123617-55050,123617-89951,123617-90573,123617-167620,123617-110484,123617-86312,123617-86080,123617-12548",2,1.0466666666666666,119.1,60000,125.52134539029514,122.98792161964383,92.86649730097739,160.31441273647295,27.915264499337034,0.09075406649689734
,,,,,,,,,11,"123617-138820,123617-55050,123617-90573,123617-129471,123617-167620,123617-110484,123617-151903,123617-86080,123617-12548",1,0.0,119.79999999999998,60000,125.97152838539277,122.95677869706603,94.3424769906105,161.14754699943364,27.060759444711824,0.11140669183679852
,,,,,,,,,35,"123617-138820,123617-55050,123617-151966,123617-90573,123617-167620,123617-110484,123617-151903,123617-86080,123617-12539",2,0.7,119.3,59900,125.93189992927222,122.91416344842943,94.108656824978,160.8624075155911,27.336060503545013,0.11039397869533678
,,,,,,,,,16,"123617-138820,123617-55050,123617-6654,123617-167620,123617-110484,123617-151903,123617-86312,123617-86080,123617-12548",1,0.0,119.59999999999998,60000,126.21700523754198,122.9102940194618,93.89623983129712,163.46379293185223,27.726724751820914,0.11926079433031547
,,,,,,,,,6,"123617-138820,123617-55050,123617-152316,123617-90573,123617-103539,123617-110484,123617-151903,123617-40845,123617-12534",1,0.0,119.89999999999998,59900,125.52581496295429,122.71348621583955,92.54253413943879,161.27023672520588,28.166112181202557,0.09984795661616444
,,,,,,,,,46,"123617-138820,123617-55050,123617-152316,123617-90573,123617-167620,123617-151903,123617-86080,123617-107293,123617-12548",2,0.9933333333333334,119.1,59900,125.07889910010664,122.62012197508155,90.93899192830291,162.98017822818196,28.59625911361311,0.0859824746746194
,,,,,,,,,3,"123617-138820,123617-55050,123617-6654,123617-90573,123617-167620,123617-103539,123617-110484,123617-86080,123617-12534",1,0.0,120.2,59900,125.05179063979222,122.51986418368483,94.32026240734447,159.9846374258861,26.584392208447454,0.0952410886904851
,,,,,,,,,32,"123617-138820,123617-152647,123617-102965,123617-90573,123617-167620,123617-110484,123617-151903,123617-40845,123617-12548",2,0.6200000000000001,119.29999999999998,60000,124.37116590354947,122.4907740411976,91.5374826663117,158.47426134781725,26.77937821348387,0.07021790600817841
,,,,,,,,,40,"123617-138820,123617-55050,123617-6654,123617-90573,123617-110484,123617-151903,123617-86312,123617-40845,123617-12525",2,0.8333333333333333,119.29999999999998,60000,124.94601545654231,122.37720033536283,93.21621894497454,159.5341839365062,26.758162548475106,0.09600117782847817
,,,,,,,,,25,"123617-138820,123617-55050,123617-102965,123617-90573,123617-103539,123617-110484,123617-86312,123617-86080,123617-12548",2,0.4333333333333333,119.4,59800,125.88220940051846,122.2813196525715,94.48234656950295,161.2618667374694,26.4849118135326,0.13596004295951902
,,,,,,,,,15,"123617-138820,123617-55050,123617-102965,123617-90573,123617-110484,123617-151903,123617-86312,123617-40845,123617-12548",1,0.0,119.59999999999998,59900,124.87018315631352,122.21239736554361,93.2267634111483,158.39336148164864,25.9207811471866,0.10253494197100534
,,,,,,,,,23,"123617-138820,123617-55050,123617-102965,123617-90573,123617-167620,123617-110484,123617-103619,123617-86080,123617-12548",2,0.38,119.5,60000,125.64358329415711,122.13317248232045,95.18059152218005,162.50782492633562,27.118209219746724,0.129448474395591
,,,,,,,,,8,"123617-138820,123617-55050,123617-6654,123617-90573,123617-110484,123617-151903,123617-103619,123617-86080,123617-12548",1,0.0,119.89999999999998,60000,124.72141288639553,122.02848664860315,93.41170309878895,160.8328385038643,26.810102552534484,0.1004444586705918
,,,,,,,,,22,"123617-138820,123617-55050,123617-152316,123617-90573,123617-110484,123617-151903,123617-86312,123617-86080,123617-12525",2,0.3533333333333333,119.5,60000,124.28442049825075,121.91467336404833,91.82005441532516,160.6511358339714,27.07786816532532,0.08751601565285029
,,,,,,,,,24,"123617-138820,123617-55050,123617-6654,123617-90573,123617-86518,123617-110484,123617-151903,123617-40845,123617-12546",2,0.4066666666666667,119.39999999999998,60000,124.54703162917808,121.45208005970296,92.66511830647043,159.4711643580759,27.770082187275293,0.11144913250898739
,,,,,,,,,44,"123617-138820,123617-55050,123617-6654,123617-90573,123617-103539,123617-110484,123617-86312,123617-40845,123617-12539",2,0.9400000000000002,119.2,59900,125.20670595189092,121.38780456541296,93.02693512661936,160.72935039193368,27.74726025327235,0.1376316563011868
,,,,,,,,,37,"123617-138820,123617-55050,123617-152316,123617-90573,123617-167620,123617-110484,123617-86312,123617-86080,123617-12542",2,0.7533333333333334,119.29999999999998,60000,124.53869783795363,121.34276650410922,93.94131641841882,160.34965379679517,26.501718133839308,0.12059336370963879
,,,,,,,,,21,"123617-138820,123617-55050,123617-102965,123617-90573,123617-103539,123617-110484,123617-151903,123617-40845,123617-12525",2,0.3266666666666666,119.5,60000,124.35162444871648,121.27047610067093,92.98863295544166,160.22128586638823,27.560398428364877,0.11179621934908093
,,,,,,,,,7,"123617-138820,123617-55050,123617-6654,123617-90573,123617-167620,123617-110484,123617-86312,123617-86080,123617-12539",1,0.0,119.9,60000,124.08505435343811,121.2327691456436,92.41176522821253,158.09313210943458,27.413779784860964,0.1040456744811841
,,,,,,,,,30,"123617-138820,123617-55050,123617-102965,123617-167031,123617-90573,123617-167620,123617-151903,123617-86080,123617-12534",2,0.5666666666666667,119.3,59900,123.6890510925758,121.2097951047412,90.4897511107027,158.6519961561867,27.884772739244582,0.08891074748998495
,,,,,,,,,47,"123617-138820,123617-152647,123617-102965,123617-90573,123617-167620,123617-103539,123617-110484,123617-86080,123617-12548",2,1.02,119.1,59900,124.54627624763437,121.2069372586476,93.18580418534539,159.4152623698309,26.538450463347097,0.12583021731426297
,,,,,,,,,20,"123617-138820,123617-55050,123617-152316,123617-90573,123617-57403,123617-103539,123617-110484,123617-86080,123617-12534",2,0.3,119.5,60000,124.59840634304405,121.19695282481112,92.34118230932857,160.39303088347222,27.87389142411905,0.12203009140265492
,,,,,,,,,31,"123617-138820,123617-55050,123617-6654,123617-90573,123617-57403,123617-103539,123617-110484,123617-40845,123617-12534",2,0.5933333333333333,119.29999999999998,60000,123.75561114885426,121.17826636767418,91.47718562050142,160.05348680303103,27.680712882848013,0.09310976896036124
,,,,,,,,,26,"123617-138820,123617-55050,123617-102965,123617-90573,123617-167620,123617-110484,123617-151903,123617-40845,123617-12546",2,0.46,119.39999999999998,59900,123.9357553087543,121.14966614618484,92.76598890193503,159.0004637996178,27.0342389267394,0.1030577990421528
,,,,,,,,,39,"123617-138820,123617-55050,123617-152316,123617-167620,123617-86518,123617-110484,123617-151903,123617-86080,123617-12539",2,0.8066666666666666,119.29999999999998,60000,125.67414107262505,121.10850611657908,93.379487726511,162.23672347935548,27.773764911171433,0.16438660623247137
,,,,,,,,,9,"123617-138820,123617-55050,123617-152316,123617-90573,123617-103539,123617-110484,123617-151903,123617-86080,123617-12542",1,0.0,119.89999999999998,60000,124.75542025849147,121.08536040197409,93.01634651033125,161.16022958216246,27.05170824250604,0.13566832170512103
,,,,,,,,,12,"123617-138820,123617-55050,123617-6654,123617-90573,123617-103539,123617-110484,123617-151903,123617-40845,123617-12542",1,0.0,119.69999999999996,60000,124.85724283717074,121.04352752463032,92.8461054707903,161.59021815601741,27.856758291944704,0.136904490916419
,,,,,,,,,42,"123617-138820,123617-55050,123617-6654,123617-90573,123617-103539,123617-86518,123617-110484,123617-86080,123617-12546",2,0.8866666666666667,119.2,59900,125.11815751647725,121.00395651359872,91.98564977881526,161.32258421145994,27.889280505101397,0.14751908003241523
,,,,,,,,,36,"123617-138820,123617-55050,123617-152316,123617-90573,123617-86518,123617-110484,123617-151903,123617-40845,123617-12537",2,0.7266666666666667,119.29999999999998,60000,124.95493755789785,120.93864331270075,92.68475037044726,164.3908007244634,28.327192367879213,0.14178229148298016
,,,,,,,,,14,"123617-138820,123617-55050,123617-89951,123617-90573,123617-103539,123617-110484,123617-151903,123617-86080,123617-12548",1,0.0,119.7,60000,125.08752867372522,120.91585003306096,93.55795832373728,161.84177165660185,27.657720032142404,0.15083234033087833
,,,,,,,,,27,"123617-138820,123617-55050,123617-6654,123617-90573,123617-57403,123617-110484,123617-151903,123617-86080,123617-12546",2,0.4866666666666667,119.39999999999998,60000,123.52903694367838,120.86044294093927,92.78251477448221,158.61628819366211,26.67876541271839,0.10002689260376837
,,,,,,,,,41,"123617-138820,123617-55050,123617-102965,123617-90573,123617-167620,123617-103539,123617-110484,123617-40845,123617-12542",2,0.8599999999999999,119.29999999999998,60000,123.9028742478068,120.8555956122133,91.35976850079784,159.54156342014824,27.729308183022564,0.10989378514171567
,,,,,,,,,34,"123617-138820,123617-55050,123617-152316,123617-90573,123617-167620,123617-110484,123617-86312,123617-40845,123617-12534",2,0.6733333333333333,119.29999999999998,59900,123.99106191585612,120.72483795409502,92.281241001123,158.95476873868668,27.45876515939971,0.11895014006640435
,,,,,,,,,43,"123617-138820,123617-55050,123617-102965,123617-90573,123617-167620,123617-110484,123617-151903,123617-86080,123617-12529",2,0.9133333333333332,119.2,60000,124.57726662040153,120.64096523627151,93.37336597684858,161.41443335454116,27.73453118407398,0.14192781403099267
,,,,,,,,,13,"123617-138820,123617-55050,123617-152647,123617-102965,123617-90573,123617-86518,123617-151903,123617-86080,123617-12534",1,0.0,119.7,60000,124.11355043183623,120.60025770649918,92.56449827717307,160.1725624894059,26.584961999126296,0.13215338526541867
,,,,,,,,,17,"123617-138820,123617-55050,123617-152316,123617-90573,123617-110484,123617-151903,123617-86312,123617-40845,123617-12539",1,0.0,119.59999999999998,60000,123.43968319129729,120.25815410374065,90.76214614967984,159.30634741900582,27.193777247525123,0.11699474694513753
,,,,,,,,,2,"123617-138820,123617-55050,123617-6654,123617-90573,123617-167620,123617-110484,123617-151903,123617-40845,123617-12534",1,0.0,120.39999999999998,60000,124.03001804514682,120.11348576933463,91.43455290617071,161.21316036410417,28.549856113494872,0.1371822071621906
,,,,,,,,,33,"123617-138820,123617-55050,123617-6654,123617-167031,123617-90573,123617-86518,123617-151903,123617-86080,123617-12534",2,0.6466666666666667,119.3,60000,123.39444748857215,119.95695582583764,91.07505163513275,160.23596445789835,27.821221142216523,0.12355646235521961
,,,,,,,,,45,"123617-138820,123617-55050,123617-102965,123617-90573,123617-110484,123617-151903,123617-120639,123617-86080,123617-12548",2,0.9666666666666668,119.09999999999998,59800,123.99250539041574,119.57881305390246,93.43406505426184,161.69208704819212,27.36142231696352,0.16131077856200773
,,,,,,,,,5,"123617-138820,123617-55050,123617-6654,123617-90573,123617-167620,123617-110484,123617-151903,123617-86080,123617-12537",1,0.0,120.0,59900,123.64979671594976,119.57285075715347,90.80120625623503,159.57271568616073,28.023253882924823,0.14548438863769703
,,,,,,,,,28,"123617-138820,123617-55050,123617-6654,123617-90573,123617-167620,123617-86518,123617-110484,123617-86080,123617-12543",2,0.5133333333333333,119.4,59900,123.35945561043746,119.45559443775227,92.53618768385984,159.85203778441326,27.594240741497995,0.14147376654630398
,,,,,,,,,49,"123617-138820,123617-55050,123617-6654,123617-90573,123617-57403,123617-110484,123617-151903,123617-40845,123617-12537",2,1.0733333333333337,119.09999999999998,60000,122.42179908366819,119.11012564769703,91.44088213806495,159.3771070678805,27.46081623265641,0.12059632197068183
,,,,,,,,,38,"123617-138820,123617-55050,123617-152316,123617-90573,123617-57403,123617-110484,123617-151903,123617-86080,123617-12537",2,0.78,119.29999999999998,60000,123.54142726604687,118.95637165658152,92.52376074572342,159.88345710429115,27.374404311508897,0.16749426059794362
